Metric,250D,150D,Difference,Improved(Y/N)
Ranking RMSE,0.053260198849878364,0.05692291609788085,0.0036627172480024894,N
Ranking IC,0.004194630339284213,0.0014463611806054026,-0.0027482691586788108,N
Gap RMSE,0.030362828385258205,0.03301471020677302,0.002651881821514813,N
Intraday RMSE,0.043295161570191136,0.044830289247619864,0.0015351276774287284,N
Top10 Average Return,0.006151859822311694,0.0021931998719608007,-0.003958659950350893,N
Portfolio CAGR,2.6686138165014346,0.3587809413598537,-2.3098328751415806,N
Sharpe,2.2011323304352293,0.7868464950378292,-1.4142858353974002,N
Maximum Drawdown,-0.24927334483998353,-0.225313248413464,0.023960096426519528,Y
Win Rate,0.5555555555555556,0.5,-0.05555555555555558,N
